_id,name,description,location,picture
277132896,ProfDGeeveston,Obnoxious and opinionated,Toronto Canada,http://pbs.twimg.com/profile_images/2813613721/756d6631db569b34885793e153ffcc88_normal.jpeg
35650921,bueller_farris,"Die-hard GB Packer, Iowan born & always a UofI Hawkeye, Wisconsin Badgers, golf pro, Outdoorsmen. Family man - career in Telecommunications, gadgets guru :)","Wisc Rapids, Wisconsin",http://pbs.twimg.com/profile_images/618048240865419264/193oygcR_normal.jpg
234000780,FrancescaShanks,"Personal account. Berkshires, dogs, food and lifestyle blog. Business: Social media strategy and lots of writing/editing @williamscollege. Some freelance, too.","North Adams, MA",http://pbs.twimg.com/profile_images/507173683895762944/YcpvXypy_normal.jpeg
374780457,JamieHance,"If I lived my life to make everyone happy, I would never accomplish anything-me","Baton Rouge, LA ",http://pbs.twimg.com/profile_images/2625140562/c94e9Ni0_normal
55839635,craizsup,#Dreamer #Nepalese  #TeamFCB #Barca,Sydney/ Australia,http://pbs.twimg.com/profile_images/627840363449847808/AzYfAPLC_normal.jpg
251090650,HenryHastler69,✊,london,http://pbs.twimg.com/profile_images/535401989623283712/YxXOpO1T_normal.jpeg
45423387,kikigirly79,I'm Puerto Rican. Born in Massachusetts... raised in NewYork. Boston Fan!!! LoVe spending time w/family and friends,"Hollywood, FL ",http://pbs.twimg.com/profile_images/1674330247/mii_normal.jpg
83580345,Phil_Tanner,People reckon I'm too patronising (that means I treat them as if they're stupid).,"Waikanae, NZ",http://pbs.twimg.com/profile_images/378800000232765570/e0e3aeadbb8d0e8ba98232b28a6cc059_normal.jpeg
209202558,MunicipalNL,Supporting local municipal government in Newfoundland and Labrador.,"460 Torbay Rd., St. John's NL",http://pbs.twimg.com/profile_images/2766624597/94e1bf53860422440e0a4ed9caa2d4db_normal.jpeg
52569895,MonmouthBV,We are here to serve all of our local guests in Polk and Marion County.,Monmouth Oregon,http://pbs.twimg.com/profile_images/297654190/Monmouth_Burgerville_normal.jpg
66052438,GinaRockss,vegan food and starbucks frapps,California ,http://pbs.twimg.com/profile_images/624404211132792832/D4y0P256_normal.jpg
294153832,fayeebarrett,16 || Stotfold,,http://pbs.twimg.com/profile_images/549612654139310080/DZxXDeHR_normal.jpeg
32801775,KARENLEESWEDDIN,DESIGN AND MAKE CUSTOM WEDDING-PROM GOWNS & VEILS/TIARAS.   HAVE THAT DREAM GOWN YOU'VE WANTED SINCE YOU WERE 10.,LILLY PA,http://pbs.twimg.com/profile_images/378800000713962956/d532f53cceef38611e76d81d936c9505_normal.jpeg
140084567,AK4G1,"I value freedom, impulse,emotion & fire.At my best I'm passionate & decisive. Loves starwars, anime, jrock. Certified Cosplayer, Otaku & airsofter.",Philippines,http://pbs.twimg.com/profile_images/2838548591/24033b33bd3d76ad413062914d67c6ee_normal.jpeg
44675761,Susianelucho,"I am blonde, I feel dumb
I sound sweetly in the daytime (8)",,http://pbs.twimg.com/profile_images/378800000140480677/2443299c91855de110d26e3f48ac8e57_normal.jpeg
279377259,nigu4,"It'll work out, it always does",,http://pbs.twimg.com/profile_images/423385376825176064/A648fctL_normal.jpeg
523082217,ShawnaMoody1,"You never truly know where someone's heart may lay, until you get to know them, or you step on it.","Denver, Colorado",http://pbs.twimg.com/profile_images/2304273631/f4mmvsqp1dmkodiyihqp_normal.jpeg
75100242,JamesCollins17,,Los Angeles,http://pbs.twimg.com/profile_images/3279137572/351e07f9e1e8bcf49a1d523bf88c2dbd_normal.jpeg
89707058,_jessielover_,"Life is really simple, but we insist on making it complicated.",,http://pbs.twimg.com/profile_images/378800000831803755/eb5e9f078fb9d435a60234372baa07e6_normal.jpeg
64594596,Loren_Gross,@ WKU studying Agriculture Education,America,http://pbs.twimg.com/profile_images/3424951693/980285575cf025166a78aa6bb8418110_normal.jpeg
433140423,rajesh8878,Never be bullied into silence.  Never allow yourself to be made a victim.  Accept no one's definition of your life; define yourself.,Bhilai,http://pbs.twimg.com/profile_images/3078156774/0f6affb25e32bd1823ff2d2342056f84_normal.jpeg
410027800,Ardisons15,,"Riga, Latvia",http://pbs.twimg.com/profile_images/591463739796271104/Oosch-pW_normal.jpg
358415245,JOSH_OO7,"I love to play basketball,football,and boxing.Currently in High School involved in an Academy even though I don't know everyone I have 2 yrs left 2 do so",CALI,http://pbs.twimg.com/profile_images/2227121154/gdhcgch.dll_normal.jpeg
365353348,SueAnneODonnell,"Life Coach/Facilitator giving you the opportunity to discover your skills, recognise your areas of success, & set positive/supportive goals",South Tipperary. Ireland,http://pbs.twimg.com/profile_images/1534827724/DSCN1767_normal.JPG
328620501,alisonndavey,shit at writing bios and not much better at writing tweets,nottingham,http://pbs.twimg.com/profile_images/620948888569163777/K4f55rru_normal.jpg
30537127,tylerkuntz,"My buddies and me are getting real well known
Yeah, the bad guys know us and they leave us alone",,http://pbs.twimg.com/profile_images/3309302271/7c6e19d5e993efc3ea393e92e7d439e4_normal.jpeg
480950105,ThomasMconway,"i live in philly i like xbox, aerosmith, the Flyers, hamsters, my iphone, and Jackass the movie",Earth,http://pbs.twimg.com/profile_images/1804751261/image_normal.jpg
474647910,sysufodem,She think i'm fundamental and necessary. But I'm 476. Understudied and pissed off.,US,http://pbs.twimg.com/profile_images/1784173972/1419_normal.gif
258348655,PrettyLilMixed_,O71812°O12516,,http://pbs.twimg.com/profile_images/637842251394121729/FJ9mwrBv_normal.jpg
194255310,CouponCocktail,"Go to Coupon Cocktail for the hottest deals in the US and Canada, from local business to national chains, we have it all! Check us out, you can't afford not to!",United States and Canada,http://pbs.twimg.com/profile_images/2819432031/544972047be1300616b9b6a492e567e9_normal.png
267875619,rubymane,Ruby Mane is a chic hair boutique in Farnham offering exclusive and eco friendly products. Late night openings and online bookings available.,Farnham,http://pbs.twimg.com/profile_images/1282829814/RubyManeLogoWithStrap-redBackground_1__normal.JPG
15436754,tylerbridges,May this serve as my alibi?,TN,http://pbs.twimg.com/profile_images/589991957239205888/qS6qw-Ii_normal.jpg
393129178,Kaytay_Omeara,"I model, work on and built car..Im sexy goofy bubbly ditsy fun and confident.",Phoenix AZ,http://pbs.twimg.com/profile_images/2528592555/GPeQ4rfA_normal
265379196,sophie_mathers,"as lost as alice, as mad as the hatter  snapchat; sophs_mccoy ✌️",,http://pbs.twimg.com/profile_images/635717300650381312/x7aQ6z5-_normal.jpg
331775065,naoki_joie,"おいしいご飯と散歩が大好き。Learn from yesterday,live for today,hope for tomorrow.The important thing is not to stop questionin. めがね歴ながいです。お返事いたしますが、消してしまうことが多いです。ごめんなさい…",Shibuya ＊ TOKYO,http://pbs.twimg.com/profile_images/3593177976/6dd73f1f7c5eb58b787bfd0c18e82070_normal.png
375013662,AngelaTasioula,i'm taking it slow feeding my flame shuffling the cards of your game and just in time in the right place suddenly i will play my ace,"ioannina,greece",http://pbs.twimg.com/profile_images/499908545098170368/S7qBn4V5_normal.jpeg
449203232,mullinsbrannan,my name is brannan and i have an xbox my gamertag is Xfalcoln45,,http://pbs.twimg.com/profile_images/1918347237/image_normal.jpg
20332320,EmlynBegley,"Limerickman. BBC Sport journalist - a lot of European football. Oxford Utd & Limerick FC fan.  

Left-wing, Green-voting vegetarian.",Manchester (from Limerick),http://pbs.twimg.com/profile_images/605365041165123584/l9K-Ctlf_normal.jpg
381220586,_petu,way 2 fonky,Tha Dogg Pound,http://pbs.twimg.com/profile_images/635570568293584896/7xIsg618_normal.jpg
262687269,martinhynes57,Even angels can get caught in the act with their halos round their ankles.,"Glasgow, Scotland",http://pbs.twimg.com/profile_images/585562020696719361/DaoLxbue_normal.jpg
37739869,arjenlucassen,"Dutch multi-instrumentalist and vocalist Arjen A. Lucassen of Ayreon, Star One,  Ambeon, and Guilt Machine.",Netherlands,http://pbs.twimg.com/profile_images/618010298511835136/Q68n8vkh_normal.jpg
373362286,TaxCroydon,Accountants supporting small businesses and the self employed in and around Croydon area,"Croydon, Surrey",http://pbs.twimg.com/profile_images/1542487715/chitra_normal.jpg
130198103,Susan_Fleetwood,"Making the world sparkley, one diamond at a time :)",Knoxville,http://pbs.twimg.com/profile_images/623000816555655168/xLB_FWtW_normal.jpg
336460346,littlledebbie,Owen Jay Campbell ❤️,"Fremont, Ohio",http://pbs.twimg.com/profile_images/624457197884448768/vEfnLBMo_normal.jpg
275930255,Lithashyankdhya,Just Mention followback,Kalimantan Tengah,http://pbs.twimg.com/profile_images/451324179644559360/KZgWeris_normal.jpeg
